date,open,high,low,close,volume,synthetic
2018-01-02,100.1548028875,100.3999494187,99.9286747862,100.1105467099,788837,True
2018-01-03,100.6604335037,101.3126796557,100.0962819089,100.7961492988,322040,True
2018-01-04,100.3460770785,100.9392223894,99.8238484999,100.3552219903,637830,True
2018-01-05,99.5241959756,99.8190882472,98.8545247578,99.5370253826,653072,True
2018-01-08,98.8141585871,99.4367111125,98.3117092536,98.5511989147,599573,True
2018-01-09,98.6097366066,99.0885997561,98.0048730059,98.7242434307,390926,True
2018-01-10,99.7006322495,100.3590747954,99.2007010084,99.7216865647,461241,True
2018-01-11,100.5503979115,101.1311684976,99.9523639558,100.4910488780,890235,True
2018-01-12,99.2436923092,99.6841604050,98.9970699270,99.4518366015,586354,True
2018-01-15,99.4948761963,100.1237928987,99.1526014934,99.5212992677,439194,True
2018-01-16,100.6158967979,100.9884572834,99.8547080859,100.4207933373,346350,True
2018-01-17,101.5152171304,102.1863027226,101.0783453623,101.2202289659,377840,True
2018-01-18,100.3359644610,100.5237188575,100.1194165472,100.3816093631,529422,True
2018-01-19,98.8949385605,99.0683494071,98.6510040964,98.8106990807,141045,True
2018-01-22,99.3268374757,99.7796131839,98.7926324793,99.4276422452,178628,True
2018-01-23,99.7811497244,99.9629667128,98.9723869711,99.6634443313,204631,True
2018-01-24,99.9401780266,100.8564821625,99.7341607605,100.2582016067,752618,True
2018-01-25,100.4494037173,100.8084983465,99.9284678465,100.4347315663,504144,True
2018-01-26,100.8883517651,101.2657968690,100.6708695722,100.8746547905,654529,True
2018-01-29,100.8913363066,101.6717637332,100.6932751886,101.1249581364,595525,True
2018-01-30,101.3335858015,101.8165549537,101.1515878564,101.3413839175,208517,True
2018-01-31,99.4649626480,99.7304657959,99.1554337228,99.4801828727,712704,True
2018-02-01,99.0231633130,99.5970995149,98.2825093522,98.9694968127,357979,True
2018-02-02,99.8138792399,100.4631356377,99.2768161803,99.7479959494,553840,True
2018-02-05,100.2655051033,100.7155781268,100.0048591756,100.1861471831,883251,True
2018-02-06,99.9664179219,100.2485685509,99.2620464118,99.8810347743,384611,True
2018-02-07,99.7029028859,99.9529422888,99.5298468408,99.7173607818,477560,True
2018-02-08,98.9713148493,99.1904994624,98.6598421501,99.0260363744,236883,True
2018-02-09,98.8527858529,99.3119918104,98.5972234960,98.9634879973,453267,True
2018-02-12,100.2174080728,100.4942534551,99.7885696364,100.1418311527,892246,True
2018-02-13,100.3799599575,100.6978991853,99.7423868990,100.5495778730,156149,True
2018-02-14,99.7096367199,100.6218174787,99.1816267421,99.9517596317,630831,True
2018-02-15,100.6769499966,101.2286241602,100.5279783948,100.7060157782,419860,True
2018-02-16,101.7099093592,102.0107939967,101.3412179284,101.8458849125,437893,True
2018-02-19,101.0051005580,101.6232357883,100.7611561831,101.0867571877,413864,True
2018-02-20,100.6091407244,101.1538307711,100.4665035311,100.6197905096,579114,True
2018-02-21,99.5403924220,99.8379649782,99.3243250554,99.6919340969,344136,True
2018-02-22,100.4543472743,101.0740935343,99.7657522396,100.6833098587,325158,True
2018-02-23,100.5514739990,100.9880991016,100.0008617585,100.7320620458,473144,True
2018-02-26,100.7472416751,100.9212516989,100.0331007837,100.4667417588,709666,True
2018-02-27,102.2844423141,102.5922525092,101.3176203196,102.0312933939,806703,True
2018-02-28,101.5951204319,102.2371341876,101.4408712425,101.9697149092,396191,True
2018-03-01,102.2361161186,102.3877792542,101.9319365776,102.2472041622,370801,True
2018-03-02,103.0853475516,103.7359605126,102.8155647326,103.0910554923,838423,True
2018-03-05,102.7645849187,102.9406926957,102.2446621142,102.7046518066,174391,True
2018-03-06,102.4665552714,103.2559608618,102.1396121083,102.7288049243,287189,True
2018-03-07,101.1950002519,101.3228863866,100.6914019324,101.1982887903,524193,True
2018-03-08,101.9037200395,102.0208550423,101.4892545023,101.8982691852,107183,True
2018-03-09,101.9625405389,102.4317299603,101.6901331291,101.9840781809,789016,True
2018-03-12,100.6914340471,101.1390459778,100.5487287307,100.9476766949,138084,True
2018-03-13,99.7767079448,100.5661707278,99.6417655727,99.9845150454,476638,True
2018-03-14,99.5347402522,100.2301973903,98.8943770244,99.6787267397,616455,True
2018-03-15,100.5829517976,100.7007454471,99.9193192279,100.5582336389,202447,True
2018-03-16,100.8988283780,101.4885893332,100.6171693609,101.2011774969,180588,True
2018-03-19,99.0127455106,99.4773403781,98.5645712393,98.9939652567,782065,True
2018-03-20,98.8227010189,99.1938651360,98.6149729139,99.0608052973,249360,True
2018-03-21,97.9454542099,98.8791357370,97.6808021940,98.3248423593,866217,True
2018-03-22,97.9819093930,98.2589538513,97.7035606402,97.8503698148,585677,True
2018-03-23,98.3953055989,99.2230581870,97.7113429201,98.5430723391,765104,True
2018-03-26,99.4164691977,100.1159166441,99.2908238035,99.4325263158,482971,True
2018-03-27,98.6434132201,99.3048696173,98.5279948017,98.6636828777,233169,True
2018-03-28,98.5782536409,99.2234434834,97.8491408151,98.4710989839,408712,True
2018-03-29,98.6608475248,99.2087591753,98.0953687369,98.8399136158,247505,True
2018-03-30,97.6239516884,98.3941320669,97.2456592514,97.7442176136,105096,True
2018-04-02,96.9505171709,97.4956452189,96.4272655646,97.1502640068,140586,True
2018-04-03,96.4655402212,96.9830492055,95.8173568558,96.5189427769,605963,True
2018-04-04,97.9789905480,98.3773915497,97.4064199415,98.0593632952,527232,True
2018-04-05,98.2319177182,98.7932210326,97.5773477624,98.1527961243,510720,True
2018-04-06,98.1205294980,98.5635894487,97.9214674204,98.2942645744,863895,True
2018-04-09,97.7153908388,98.2778396283,97.3684605334,97.7512855909,605277,True
2018-04-10,98.0613500990,98.3967432567,97.2499590711,97.7734956025,795356,True
2018-04-11,98.5734643014,99.1738249665,97.9118656060,98.5259985762,139104,True
2018-04-12,99.8777882250,100.5376104394,99.2976173913,99.8776275043,693103,True
2018-04-13,99.5975517791,99.8353905044,98.9828731154,99.7057736864,890871,True
2018-04-16,100.3057545408,100.7927422304,99.6207952552,100.1338736567,516354,True
2018-04-17,100.3700295166,100.8991778085,100.1593415907,100.4776008498,578662,True
2018-04-18,100.7201674748,101.5027882311,100.4740909841,100.8730303250,358128,True
2018-04-19,101.4878680320,101.8373393204,100.6934209139,101.2413312892,869463,True
2018-04-20,99.7964882129,100.4878199259,99.4552653545,99.9211193647,515427,True
2018-04-23,98.9885967588,99.5567622366,98.4478242138,99.0697833142,117557,True
2018-04-24,99.3061458391,100.0604152181,98.9441691755,99.6494086725,218377,True
2018-04-25,99.1425718292,99.4386553236,98.5381717764,99.3182632794,333376,True
2018-04-26,99.4703068360,99.7662713013,99.0763303722,99.3770287685,544140,True
2018-04-27,99.2018477931,99.4536664792,99.0083894089,99.2469490981,702499,True
2018-04-30,98.2856498416,98.7571466670,97.6603161277,98.2134120243,451341,True
2018-05-01,98.5251837894,98.9279907230,97.9041993487,98.5777549905,283186,True
2018-05-02,98.3073274660,98.5688118705,97.9230996078,98.3525132058,591100,True
2018-05-03,98.4669673596,98.8987086504,97.9249428123,98.3540880480,187690,True
2018-05-04,98.1240987817,98.4772627138,97.4604013779,98.0383865267,312325,True
2018-05-07,97.6552078244,97.9751250460,97.4427774769,97.8588511146,717937,True
2018-05-08,97.4373295606,97.8232699205,97.1624858953,97.5675437678,499911,True
2018-05-09,97.8619067131,98.4261299186,97.4516378152,97.7948932070,852443,True
2018-05-10,96.9730871106,97.6582288849,96.3601567322,97.0956188659,719979,True
2018-05-11,97.4466367684,97.6929247847,97.1746159552,97.3733765133,192332,True
2018-05-14,97.5781796871,98.1542114346,97.4531523003,97.5881606882,234975,True
2018-05-15,97.5415428683,97.9189483476,97.2128659814,97.6222440649,549004,True
2018-05-16,96.5474771054,96.6753796577,95.8434732900,96.4271896555,796102,True
2018-05-17,97.0922077177,97.7191103343,96.8746620476,97.3802685488,635601,True
2018-05-18,96.0456156470,96.6705633866,95.3807104348,96.0867977939,794496,True
2018-05-21,95.6110803447,95.7876198216,95.1965066906,95.5747458614,626759,True
2018-05-22,96.8947410786,97.1062435084,96.4803176497,96.7057403360,456949,True
2018-05-23,95.1992023286,95.4461237490,94.9320272037,95.2317073021,600448,True
2018-05-24,94.6484386912,94.9376188979,94.2613579009,94.4822948427,490983,True
2018-05-25,93.9953784882,94.6253552257,93.7391937701,94.0855123789,567097,True
2018-05-28,95.2273090936,96.1640395780,94.6426961355,95.5535041452,734391,True
2018-05-29,95.7371380792,96.5685924786,95.3407609389,95.9444399194,464821,True
2018-05-30,96.4990605100,97.0445641948,96.1082940084,96.4014535219,765725,True
2018-05-31,96.9037829554,97.1183880904,96.5760125281,96.9067469768,373014,True
2018-06-01,96.3484104140,96.5585701197,96.1774830946,96.3820575943,308970,True
2018-06-04,96.6965378732,97.0838478993,96.2141718194,96.7043926492,849246,True
2018-06-05,96.4089551134,96.6037898862,96.3118123046,96.4538932332,384179,True
2018-06-06,95.3572170429,96.2446830312,95.0073307487,95.6590029605,354789,True
2018-06-07,94.6741263847,95.1545160149,94.1341262916,94.6440104601,112060,True
2018-06-08,94.7964044626,95.3407205410,94.4384266283,94.7921643885,513664,True
2018-06-11,94.5451840377,95.1136393674,94.0389611473,94.5374013446,437576,True
2018-06-12,94.2119572808,94.5493420792,93.6178904982,94.2033105019,896281,True
2018-06-13,94.4349587653,95.0428354644,94.1405067072,94.3161107537,728362,True
2018-06-14,95.1075336407,95.4491400508,94.6066730226,95.0948631362,164746,True
2018-06-15,95.1464871902,95.2996743896,94.5130475842,95.0243364812,761597,True
2018-06-18,93.5388744185,94.1965746171,92.9026560347,93.6705971630,699934,True
2018-06-19,93.4987497129,93.6703737015,92.9987863932,93.4377632818,341129,True
2018-06-20,93.9449134437,94.5012343727,93.3237056347,93.9833888964,190037,True
2018-06-21,93.4682979675,93.6958112473,92.7648077483,93.4113054901,121732,True
2018-06-22,93.6790418128,93.8828633419,93.3631460230,93.7249104426,715226,True
2018-06-25,94.5468039666,94.7465947340,94.2839249105,94.5944695019,219295,True
2018-06-26,95.3313514606,95.9162544034,94.8761940716,95.2644787084,124325,True
2018-06-27,95.9489165759,96.6679218185,95.3765595519,96.1325788760,187476,True
2018-06-28,97.3759448339,97.6041135321,96.7036114530,97.2646583784,685429,True
2018-06-29,98.2917757186,98.5766841344,97.6201256509,98.3843051322,451675,True
2018-07-02,97.8234866973,98.1600534866,97.1515890164,97.9845495005,223167,True
2018-07-03,98.3227955640,98.6976431969,98.0491850066,98.5504176115,886721,True
2018-07-04,98.9284943659,99.5117406927,98.3875841240,99.0268214760,637156,True
2018-07-05,98.4025805115,98.7696707908,97.9872331935,98.5117297159,344488,True
2018-07-06,99.6090567381,99.7676409531,99.0336457220,99.4478674753,557844,True
2018-07-09,98.8575734998,99.2259623309,98.6103310517,98.7549096732,435034,True
2018-07-10,97.6753045627,98.0919741731,97.2031548985,97.8827429327,865399,True
2018-07-11,97.2810090534,97.8474595923,96.6059829153,97.3565141310,776268,True
2018-07-12,95.8022229349,96.4805328159,95.1649835782,95.8598570295,886054,True
2018-07-13,95.3484402740,95.8387374389,94.8545907846,95.4692376311,213502,True
2018-07-16,95.5056911253,96.0986435510,95.2011869376,95.4734075866,801981,True
2018-07-17,95.1498726585,95.8016004327,94.6684958617,95.0776308893,482948,True
2018-07-18,95.8371232495,96.3306803526,95.0882424185,95.6974767688,820450,True
2018-07-19,96.4730316641,96.7476629873,95.7801074229,96.4183319230,526328,True
2018-07-20,96.1476612091,96.4731426161,95.6763828181,96.0581785171,791913,True
2018-07-23,95.5555169015,95.8678627626,94.8839622778,95.4318158548,203052,True
2018-07-24,94.6660172592,95.1821835727,93.8950711695,94.4692814769,362986,True
2018-07-25,95.0587263797,95.2329326049,94.6740420414,95.0429003728,333336,True
2018-07-26,94.8154657434,95.0412532914,94.5587756886,94.7782137137,412845,True
2018-07-27,94.3056667998,94.8378732432,93.5863779911,94.1174927116,167557,True
2018-07-30,94.5892004864,94.8296785196,93.9562290479,94.4585999074,613321,True
2018-07-31,93.7703143724,94.3333772770,93.6297594306,93.8481388300,528124,True
2018-08-01,93.5698445937,94.4118700579,93.1587993406,93.9443494447,585135,True
2018-08-02,93.4867597247,94.1062817017,92.8207713923,93.2604169561,534111,True
2018-08-03,93.1979636733,93.5855679865,92.7233204180,93.3088131363,500151,True
2018-08-06,93.1005762915,93.5286101025,92.5733910144,93.2159104593,280199,True
2018-08-07,93.4316796035,93.8479994229,92.9122336239,93.4795214887,359770,True
2018-08-08,93.3540409431,93.7305040309,92.8317601454,93.3946805478,805121,True
2018-08-09,93.2275177580,93.4955575963,92.5828861822,93.2139153386,566721,True
2018-08-10,92.9256583564,93.0688579544,92.3054997308,92.9398613505,690813,True
2018-08-13,93.0980554811,93.7284532432,92.8963022387,93.0933551636,844523,True
2018-08-14,93.3665662767,94.0329575708,93.2495959908,93.5443837604,443831,True
2018-08-15,93.3377142174,93.9270651987,92.9094205276,93.2629799329,555921,True
2018-08-16,91.8354031922,92.4188018684,91.3693635865,91.8459766930,340804,True
2018-08-17,89.9189833991,90.5471884703,89.3748782595,90.0104903544,516974,True
2018-08-20,89.7731552877,89.9558568584,89.2515044385,89.6962539372,863896,True
2018-08-21,88.7210235232,88.8660066168,88.4962030854,88.7161622394,641604,True
2018-08-22,88.5017131914,88.5909334549,87.8657821093,88.4083978487,134608,True
2018-08-23,87.7921437474,88.6597788374,87.6080028364,88.0846151624,874779,True
2018-08-24,87.9970907933,88.3124991057,87.6276952132,88.0753184973,810669,True
2018-08-27,86.7984735997,87.2711745206,86.2364531507,86.8449515033,792246,True
2018-08-28,87.5235195601,87.7711460258,86.7857565272,87.3559064000,501300,True
2018-08-29,87.1802593225,87.3243218708,86.9357811209,87.0486324184,425655,True
2018-08-30,86.2136284162,86.3826407449,85.6261043526,86.2324911511,782536,True
2018-08-31,85.6954182702,86.0854195795,85.0304229694,85.5844853056,482020,True
2018-09-03,86.9266269822,87.0433931145,86.4823895394,86.8943735290,891832,True
2018-09-04,86.8185544539,87.0896250135,86.4988714406,86.7807127866,354492,True
2018-09-05,86.9184861059,87.7039642900,86.5249915246,87.1439284021,335679,True
2018-09-06,87.3204056212,87.7816374434,86.9613528175,87.1044779339,408305,True
2018-09-07,86.6899185953,87.2928949533,86.2261216387,86.5654838375,243887,True
2018-09-10,85.8096035624,86.1480177266,85.1711527413,85.7468610296,322057,True
2018-09-11,85.7381456288,86.2123286140,85.3384060113,85.5907589822,488672,True
2018-09-12,86.0973962864,86.6970085777,85.4926747165,86.0827785135,777901,True
2018-09-13,85.4982956542,85.6905467974,85.0969140797,85.4647589141,581145,True
2018-09-14,85.1307848543,85.5268153878,84.5881108678,85.1233059165,700491,True
2018-09-17,85.7430172561,86.0866060539,85.2376741933,85.6967303559,471226,True
2018-09-18,85.3236446475,85.6420886833,84.8125294665,85.3237029194,157043,True
2018-09-19,85.4725032044,86.0409758060,84.9301810094,85.4371327711,553614,True
2018-09-20,86.1518570144,86.7125839420,85.7991216268,86.2013263346,674991,True
2018-09-21,86.6751450527,87.3103963297,86.1837885778,86.7805193796,797942,True
2018-09-24,87.0982867221,87.6771810824,86.4076970670,86.9297127451,180047,True
2018-09-25,87.2046956557,87.7223982897,86.7426918551,87.0432873625,780865,True
2018-09-26,85.0174923878,85.6226120551,84.6494866645,85.1995993145,172837,True
2018-09-27,85.2801801668,86.0773218944,84.9458152163,85.5048907972,557707,True
2018-09-28,85.4441038589,86.1962158188,85.0564096641,85.5980770234,784256,True
2018-10-01,84.9882461432,85.3322576507,84.4412615606,85.0352970135,226190,True
2018-10-02,85.9864229509,86.2536375550,85.5659359312,86.1203481583,539560,True
2018-10-03,87.0644963990,87.5606078387,86.8947575202,87.0705192367,577361,True
2018-10-04,86.6124342283,86.7133081916,86.4646791944,86.6034659491,619557,True
2018-10-05,86.2765067872,86.4610470747,85.8118924999,86.2093863231,262835,True
2018-10-08,85.0350822437,85.3229485450,84.4832128190,85.0794289577,425468,True
2018-10-09,84.6875958082,84.8785133267,84.5030716537,84.6697058841,386537,True
2018-10-10,83.6348744667,84.0477676880,83.1741565931,83.4690272274,263503,True
2018-10-11,83.4627815122,83.6310628711,82.9809867657,83.4819329462,615175,True
2018-10-12,83.9659370451,84.3138835742,83.5170324809,84.0383500987,505307,True
2018-10-15,84.3490127176,84.5982251470,84.0195798375,84.2688074724,249003,True
2018-10-16,84.3263112773,85.0431935363,83.9871728443,84.5248799065,559140,True
2018-10-17,84.5391855796,84.9235514253,84.3666132013,84.5255920705,468965,True
2018-10-18,83.1412523950,83.4706838340,82.6749950257,83.1883654582,628057,True
2018-10-19,82.8046260791,83.1576273831,82.3758611978,82.9693597188,481761,True
2018-10-22,82.1945620574,82.3047205495,81.9859233959,82.1437580390,733918,True
2018-10-23,82.1421577793,82.2975440043,81.6233269438,82.0889736186,809257,True
2018-10-24,81.9462700472,82.1523749959,81.8377329816,81.9286622652,591492,True
2018-10-25,81.3780079515,81.8631419337,80.7871126783,81.1585663334,300237,True
2018-10-26,80.8324876065,81.3038467466,80.5830086723,80.7870479698,695349,True
2018-10-29,81.3153701354,81.4898630214,80.6524014094,81.1728017797,631886,True
2018-10-30,81.5999780863,81.8774138305,81.0466999388,81.6465536194,767150,True
2018-10-31,82.4220692394,82.6539962419,81.9241071085,82.3176273539,373975,True
2018-11-01,82.4691859608,82.8892779037,82.1324664142,82.6776116508,190286,True
2018-11-02,82.3659817604,82.4584378798,81.9199442613,82.3268747652,348142,True
2018-11-05,83.0264622129,83.5286973933,82.4873969652,82.9028682544,646999,True
2018-11-06,84.2364825685,84.3414750125,83.8031778428,84.1742220751,488056,True
2018-11-07,84.6405791523,84.7350458210,84.2430175835,84.6106234933,506939,True
2018-11-08,85.7711740053,86.2210708433,85.4743870512,85.8770555658,365159,True
2018-11-09,86.5136644004,86.9760732041,86.1256988354,86.5490991061,836475,True
2018-11-12,87.7771826671,87.8819324261,87.1412808073,87.6035794993,134566,True
2018-11-13,87.6562891707,87.8504382119,87.4481180663,87.6753563275,230058,True
2018-11-14,86.6401487850,86.7401830884,86.3849651150,86.6503906948,132618,True
2018-11-15,86.1234162188,86.6822158822,85.8855239543,86.3508459254,673542,True
2018-11-16,86.3788686501,86.4688717738,85.7936367242,86.2945057576,853060,True
2018-11-19,85.7811465351,86.2886747202,85.4549516455,85.6993748847,529472,True
2018-11-20,86.1598144382,86.7314667850,85.4564754435,86.0466349037,240507,True
2018-11-21,86.9354144177,87.3856547582,86.7581184433,87.0916686307,114900,True
2018-11-22,87.2996048503,87.8827996788,87.1935465052,87.4927650941,690745,True
2018-11-23,87.5695342355,88.1548329794,87.0051982417,87.4959391934,776696,True
2018-11-26,87.5865340967,87.7848181368,87.4850413152,87.6127212320,361862,True
2018-11-27,88.5205203603,88.8665582630,87.8433688277,88.3328174841,435523,True
2018-11-28,87.3550128218,87.8968102598,87.1797281615,87.3449171076,370599,True
2018-11-29,86.4641063724,86.8511250227,86.0709722532,86.4195061600,376200,True
2018-11-30,86.8877442277,87.5345130015,86.5330970733,86.9340016037,435698,True
2018-12-03,86.1605835340,86.3532434122,85.7725924686,86.0592146932,848494,True
2018-12-04,86.9233555914,87.5159189782,86.5729246687,86.9832437233,414808,True
2018-12-05,87.6588190335,88.0609928758,87.0504492566,87.4703312431,414187,True
2018-12-06,88.6826251303,89.2809378686,88.1892831913,88.8097900536,300162,True
2018-12-07,88.7068916718,88.9513483059,88.2542826754,88.5129895903,775842,True
2018-12-10,89.5312484218,90.0203268662,89.3914990879,89.6746428248,847696,True
2018-12-11,90.6699932385,91.0137325051,90.1289077901,90.5369542018,288108,True
2018-12-12,91.3487041056,91.7323377417,91.0566423791,91.3522635032,843463,True
2018-12-13,92.0546574005,92.7337279718,91.5870797432,92.1346564280,850269,True
2018-12-14,91.8720150030,92.4724783642,91.5965497618,91.8267703208,543921,True
2018-12-17,92.8457992479,93.4017511011,92.2808140189,92.8760465517,277827,True
2018-12-18,91.2941560593,91.5988029766,91.1413614632,91.4331747130,640564,True
2018-12-19,89.5412914681,90.1148425888,89.1580992098,89.4578165988,502855,True
2018-12-20,90.1728272681,90.6785166306,89.8059503126,90.1034819626,378006,True
2018-12-21,89.5717475197,89.7422653733,88.8710215080,89.3661231455,820672,True
2018-12-24,89.5050814707,89.7360711402,88.9965754883,89.5585663430,801884,True
2018-12-25,89.4176717859,89.6535255159,88.9354646286,89.4086505821,564359,True
2018-12-26,88.7511094237,89.1688449998,88.4811240487,88.7928911880,572419,True
2018-12-27,88.1963787805,88.6678585858,87.8469734890,88.3266434488,386504,True
2018-12-28,87.8244512039,88.3270649374,87.4593777727,87.8567656333,784816,True
2018-12-31,89.7262840733,90.2453446304,89.0817553174,89.6984380686,673502,True
2019-01-01,89.9483751140,90.3504613015,89.5318254262,89.9583079270,742318,True
2019-01-02,90.1349081572,90.5799785045,89.6101991152,90.1287619437,601184,True
2019-01-03,89.9895529951,90.5452199881,89.8152541972,90.1907396480,591304,True
2019-01-04,89.2713778117,89.5972139794,89.1052994697,89.1993328188,542618,True
2019-01-07,90.1484420827,90.7815237811,89.9257950103,90.2162880679,235628,True
2019-01-08,89.8768517593,90.4208549743,89.4926054194,89.7768074366,231699,True
2019-01-09,89.0654535647,89.2726841370,88.8084145679,88.9941672440,208973,True
2019-01-10,88.9553246001,89.5104658711,88.7112896547,89.1724637913,654685,True
2019-01-11,90.6384142555,91.1524742739,90.2295812187,90.9498427913,845450,True
2019-01-14,92.1681716252,92.4341224373,91.9236190458,92.2132160187,832148,True
2019-01-15,93.1255105518,93.2964121387,92.3598730622,92.8730536658,634151,True
2019-01-16,91.9482910114,92.2006826813,91.6461749680,91.9916746984,507140,True
2019-01-17,90.8447678982,91.4283236890,90.4860393200,90.8648289327,822444,True
2019-01-18,89.9773949788,90.1482463760,89.6702142254,89.8396837058,751233,True
2019-01-21,90.8638961641,91.0448679630,90.2448589140,90.8281539734,629556,True
2019-01-22,90.9816403493,91.5098286095,90.1724628406,90.8043848867,394126,True
2019-01-23,90.8465045630,91.4082687268,90.2465775719,90.9068015626,495019,True
2019-01-24,91.1928665716,91.3955745078,90.9906768566,91.2183152620,826142,True
2019-01-25,91.2755261107,91.6633104688,90.9250798408,91.3880380072,519441,True
2019-01-28,91.8624778794,92.3857184308,91.5262741802,91.7368856898,594937,True
2019-01-29,92.0786910116,92.5347063241,91.7299804498,92.0326059663,446972,True
2019-01-30,92.5301392871,92.7108064677,92.0735225016,92.3338701989,460592,True
2019-01-31,91.9198226156,92.2026053055,91.1769411238,91.7894888629,706136,True
2019-02-01,91.4981936419,91.9132157377,90.8771507361,91.7600632609,322254,True
2019-02-04,92.2875403255,92.7283526649,91.7214076145,92.5804972067,525491,True
2019-02-05,93.9271750229,94.1219046455,93.2694554825,93.8416719997,385419,True
2019-02-06,93.3484392352,93.6625548797,93.1317209850,93.4524471466,592297,True
2019-02-07,92.3464526810,92.4441355865,91.8673145318,92.3479304978,882764,True
2019-02-08,92.0562720941,92.4672422500,91.8384009007,92.0624795681,762984,True
2019-02-11,92.3857044254,92.8206275023,91.7599264833,92.5214997926,881294,True
2019-02-12,91.5054484693,91.8495879140,90.8688369073,91.4270208589,190291,True
2019-02-13,91.5208958639,91.9769199186,91.2635112826,91.4361512704,462059,True
2019-02-14,90.8004196024,91.1728952946,90.4125571944,90.8484579568,421290,True
2019-02-15,89.6402207867,89.9586410443,89.3142299533,89.6085297960,540347,True
2019-02-18,88.8038402021,89.2057501577,88.4181571870,88.7328872025,432106,True
2019-02-19,89.0481171064,89.3449690324,88.6698026563,88.8409690586,739026,True
2019-02-20,88.1834148807,88.4743907557,87.7942737492,88.1207725732,285381,True
2019-02-21,87.9755624304,88.5502376585,87.2602047163,87.8734268014,347517,True
2019-02-22,89.2702590514,89.7203729400,88.7791059734,89.1468155909,152021,True
2019-02-25,90.2056021892,90.6022368127,89.5107885452,90.1148583417,427412,True
2019-02-26,89.4766545409,89.7453888034,89.2974589638,89.4522566237,889142,True
2019-02-27,89.3781676536,89.7250920487,88.6868007149,89.2519186071,131746,True
2019-02-28,89.2780142178,89.5621257321,89.1139588326,89.2422990304,129573,True
2019-03-01,88.8315418005,89.4359417025,88.3768175958,88.7625300028,350937,True
2019-03-04,88.0687977439,88.4736261368,87.6948987087,87.8486955844,569357,True
2019-03-05,87.7479237551,88.1988182762,87.2651546487,87.6603691030,894449,True
2019-03-06,87.3955585347,87.6334209460,87.1889592276,87.4871927683,667262,True
2019-03-07,88.3839019778,88.8305037231,87.7876702170,88.2432991243,228197,True
2019-03-08,87.3145510768,87.4070884749,86.7510949093,87.2553486400,297677,True
2019-03-11,87.1407035405,87.7510297029,86.5913802907,87.2918319189,695110,True
2019-03-12,87.0723846983,87.6206867462,86.3485728888,86.8027001000,809633,True
2019-03-13,84.9371934635,85.4182959749,84.5657572806,85.2172158874,855318,True
2019-03-14,84.8598896405,85.5166158792,84.6678061795,85.1117510643,861416,True
2019-03-15,85.1365192359,85.2568152610,84.6199238009,84.8562914932,895172,True
2019-03-18,85.5713032516,85.7134712225,85.2230772591,85.5229845877,635754,True
2019-03-19,84.4949567368,84.7259446024,83.9588054121,84.5512358471,669797,True
2019-03-20,84.2158012861,84.6360761714,83.7892240345,83.9613760453,163952,True
2019-03-21,84.8563716098,85.1520957009,84.3742811085,84.9618552210,592359,True
2019-03-22,84.5924837473,85.0097699427,84.1699576025,84.6684764661,427332,True
2019-03-25,85.5530582405,86.1266180589,85.1500844324,85.4318054423,447457,True
2019-03-26,84.8708736158,85.1710975986,84.6839765758,84.8340135390,494150,True
2019-03-27,85.0348143633,85.2773390956,84.6282065872,84.8556372903,535765,True
2019-03-28,84.8263161445,85.3183501778,84.4446001248,84.7514432649,271562,True
2019-03-29,83.0326710413,83.3396499930,82.5542548085,83.2138512649,299339,True
2019-04-01,83.2680970930,83.8472470529,83.1783331186,83.3586976176,844001,True
2019-04-02,82.8445882424,83.2618959241,82.2255791543,82.7283770112,594659,True
2019-04-03,83.0829773663,83.6452902048,82.7411707344,82.8953299055,846435,True
2019-04-04,82.7716163869,83.0184719200,82.1277582800,82.6484779281,259990,True
2019-04-05,83.0072138741,83.6058222833,82.8748755410,83.0644728575,141011,True
2019-04-08,82.3630870414,82.8953446548,81.7907064179,82.3297575681,810500,True
2019-04-09,83.0184360970,83.3012742541,82.3936858559,82.8734377969,845891,True
2019-04-10,83.4428565399,83.6538081815,82.7235000377,83.2394976117,422613,True
2019-04-11,83.3129187393,83.5880881841,83.1250617079,83.4148694147,347108,True
2019-04-12,83.5879947227,84.3262729853,83.1147408997,83.7573820473,507733,True
2019-04-15,84.2203828657,84.6494943078,83.7677897789,84.2563358974,429114,True
2019-04-16,83.1761887539,83.7693190310,82.6574648731,83.2566084771,127881,True
2019-04-17,83.4881025646,83.9462520373,83.2172296765,83.3651263473,851931,True
2019-04-18,84.0143102744,84.4639391207,83.7072020402,84.0540911780,459012,True
2019-04-19,85.6352574595,86.2036237805,85.4145253573,85.7271902734,128734,True
2019-04-22,85.4931589645,85.5952733597,85.2854499052,85.4112432500,806790,True
2019-04-23,85.8649370189,86.2836462996,85.7621443116,85.9474018612,724140,True
2019-04-24,86.4921742158,86.6984666058,86.1112696066,86.3048480871,353192,True
2019-04-25,87.0365437768,87.4138621930,86.7229921774,87.0751114022,112111,True
2019-04-26,86.8965895821,87.3559842976,86.4996449242,86.9467496990,537594,True
2019-04-29,86.8025169567,87.2632987066,86.2804729113,86.8838138926,553062,True
2019-04-30,88.2420475364,88.6674327996,87.8543104027,88.0667577661,731564,True
2019-05-01,86.9730400189,87.2417168803,86.4323499579,86.9895144178,788417,True
2019-05-02,87.1528223026,87.6797435525,86.8513454984,87.3013693616,396455,True
2019-05-03,86.9794091060,87.1156982253,86.5274669156,87.0000453658,391168,True
2019-05-06,87.8458411310,88.0591366027,87.2469972372,87.8734474461,824842,True
2019-05-07,87.8703430468,88.4654368213,87.5102073325,87.9549696103,465718,True
2019-05-08,87.8309569295,88.0110020472,87.3476405070,87.6389289602,632260,True
2019-05-09,87.7768793151,87.9509860315,87.3191449653,87.7489652640,490990,True
2019-05-10,87.0646595316,87.2398610482,86.5981391372,86.8803128989,305560,True
2019-05-13,87.3547094058,87.8817507696,87.0535567779,87.3340391429,659393,True
2019-05-14,88.0615981374,88.6422593040,87.9447523574,88.0618102683,503528,True
2019-05-15,87.0554905532,87.1490767631,86.4860429876,86.8680355894,833592,True
2019-05-16,86.6144748949,87.0263031157,86.0414476859,86.6018015837,672567,True
2019-05-17,86.0204580341,86.6074721657,85.4700613644,86.0012899591,788428,True
2019-05-20,86.2001745950,86.8839188106,85.8534751993,86.3350898393,758741,True
